{"cameraMode":{"drawMode":0,"name":"Shaded","section":"Shading Mode"},"sceneLighting":true,"audioPlay":false,"sceneViewState":{"showFog":true,"showMaterialUpdate":false,"showSkybox":true,"showFlares":true,"showImageEffects":true,"showParticleSystems":true},"in2DMode":false,"pivot":{"x":2.1557388305664064,"y":3.506603240966797,"z":17.02913475036621},"rotation":{"x":-0.20002862811088563,"y":-0.45575010776519778,"z":0.10589788109064102,"w":-0.8608536124229431},"size":35.66889572143555,"orthographic":false}