{"cameraMode":{"drawMode":0,"name":"Shaded","section":"Shading Mode"},"sceneLighting":true,"audioPlay":false,"sceneViewState":{"showFog":true,"showMaterialUpdate":false,"showSkybox":true,"showFlares":true,"showImageEffects":true,"showParticleSystems":true},"in2DMode":false,"pivot":{"x":9.742074966430664,"y":-4.079559326171875,"z":4.400577545166016},"rotation":{"x":-0.23066069185733796,"y":-0.6321057677268982,"z":0.20513874292373658,"w":-0.710745632648468},"size":21.224349975585939,"orthographic":false}