{"cameraMode":{"drawMode":0,"name":"Shaded","section":"Shading Mode"},"sceneLighting":true,"audioPlay":false,"sceneViewState":{"showFog":true,"showMaterialUpdate":false,"showSkybox":true,"showFlares":true,"showImageEffects":true,"showParticleSystems":true},"in2DMode":false,"pivot":{"x":1.3714869022369385,"y":0.6767969131469727,"z":5.358476638793945},"rotation":{"x":-0.10318534076213837,"y":0.0914732962846756,"z":-0.00953750777989626,"w":-0.9904273152351379},"size":3.941392183303833,"orthographic":false}